keys,en,ne,NDPC Remarks,INCORRECT FOUND IN,Not found ,While doing (reason)
welcome,Welcome,स्वागत छ,Correct,,your account has been logged out sucessfully ,
hiUser,"Hi, {name}!","नमस्ते, {name}!",Correct,,mobile No.must be 10 digit,
enterYourLoginDetails,Enter your details to login,तपाईंको लगइन विवरणहरू प्रविष्ट गर्नुहोस्,correct,,Invalid number,
mobile_number,Mobile number,मोबाइल नम्बर,correct,,password must be 6 characters,
next,Next,अर्को,correct,,invalid password,
skip,Skip,छोड्नुहोस्,"still in english and correct partially, ",take a tour,Provided password authentication is invalid,
i_already_have_an_account,I already have an account,मसँग पहिले नै खाता छ,correct,,remaining attempts,
register,Register,दर्ता गर्नुहोस्,correct,,login biometrics enabled ,
password,Password,पासवर्ड,correct,,user already registered with number,
or,OR,अथवा,correct,,login to continue,
forgotPassword,Forgot password,पासवर्ड बिर्सनुभयो,correct,,goto login,
rememberMe,Remember me,मलाई सम्झनुहोस्,correct,,please select municipality,
login,Login,लग - इन,correct,,login session expired,
fingerprintLogin,Fingerprint login,फिंगरप्रिन्ट लगइन,correct,,generic error,
dont_have_an_account,Don't have an account,खाता छैन,correct,,pin must be 6-digts,
account_locked,Account locked,खाता बन्द,,,please select district,
your_account_has_been_locked,Your account has been locked due to many invalid attempt. please contact us for reactivate your account,तपाईंको खाता धेरै अवैध प्रयासका कारण लक गरिएको छ। कृपया तपाईंको खाता पुनः सक्रिय गर्न हामीलाई सम्पर्क गर्नुहोस्,,,take a tour,
contact,Contact,सम्पर्क गर्नुहोस्,,,enter amount to be load or select from below,
error,Error,त्रुटि,still in english,,select from list of payment option to load wallet,
incorrect_mobile_number_or_password,Incorrect mobile number or password,गलत मोबाइल नम्बर वा पासवर्ड,Fount Invalid number,,load wallet now,
remaining_attempt,Remaining attempt,बाकी प्रयास,still in english,,add email,
try_again,Try again,पुन:प्रयास गर्नुहोस्,partcially correct,Incorrect in key verification in progress page,referrer and referee both will get Rs. 25,
confirm_login_with_fingerprint,Confirm login with fingerprint,फिंगरप्रिन्टको साथ लगइन पुष्टि गर्नुहोस्,,,upgrade account,while trying to book flight with unverified account
touch_the_fingerprint_sensor,Touch the fingerprint sensor,फिंगरप्रिन्ट सेन्सर छुनुहोस्,correct,,this service is currently unavailable as your KYC is pending,
use_PIN,use PIN,पिन प्रयोग गर्नुहोस्,,,upgrade,while trying to book flight with unverified account
did_you_forget_your_password,Did you forget your Password ?,के तपाईंले आफ्नो पासवर्ड बिर्सनुभयो?,,,please update your kyc,
did_you_forget_your_pin,Did you forget your Pin ?,के तपाईंले आफ्नो पिन बिर्सनुभयो?,,,kyc verification failed,
enter_your_mobile_number,Enter the mobile number you've used to register with us and we will send you the OTP verification code shortly,तपाईंले दर्ता गर्न प्रयोग गर्नुभएको मोबाइल नम्बर प्रविष्ट गर्नुहोस् र हामी तपाईंलाई छिट्टै OTP प्रमाणीकरण कोड पठाउने छौँ।,,,Reject reason: ,
get_code,Get code,कोड प्राप्त गर्नुहोस्,,,update now,
otp_verification,OTP verification,ओटीपी प्रमाणिकरण,correct,,kyc verification in prorgress,
we_have_sent_an_OTP,We have sent an OTP code to your mobile number,हामीले तपाईंको मोबाइल नम्बरमा OTP कोड पठाएका छौं,still in english,,thank you for uploading your kyc documents we are reviewing them and will update you soon. ,
didnt_receive_code,Didn't receive code? request again in,कोड प्राप्त गरेन? फेरि अनुरोध गर्नुहोस्,still in english,,enter your new 4 digit pin,
set_your_new_password,set your new password,नया पासवर्ड सुरक्षित गर्नुहोस्,correct,,invalid account number,linking bank account
this_password_is_used_for_account_login,This password is used for your account login only,यो पासवर्ड तपाईको खाता लगइनको लागि मात्र प्रयोग गरिन्छ,correct,,,
new_password,New password,नया पासवर्ड,correct,,,
retype_password,Re-Type password,पासवर्ड पुन: लेख्नुहोस,correct,,,
verify,Verify,प्रमाणित गर्नुहोस्,correct,,,
save,Save,सुरक्षित गर्नुहोस्,correct,,,
success,Success,सफल भयो,correct,,,
you_have_change_your_password,You have successfully change your Namaste Pay password,तपाईंले सफलतापूर्वक आफ्नो नमस्ते पे पासवर्ड परिवर्तन गर्नुभयो,still in english,,,
login_to_resume,Login to resume your journey,तपाईंको यात्रा पुनः सुरु गर्न लगईन गर्नुहोस्,correct,,,
log_back_in,Log back in,पुन:लगइन गर्नुहोस्,found login ,,,
choose_from_saved_account_or_create_one,Choose from saved account or create one,बचत गरिएको खाताबाट छनौट गर्नुहोस् वा सिर्जना गर्नुहोस्,,,,
login_another_account,Login another account,अर्को खाता लगइन गर्नुहोस्,,,,
create_account,Create account,खाता सिर्जना गर्नुहोस्,Found create,registration page,,
enter_your_number,Enter your mobile number to get started,सुरू गर्न तपाईंको मोबाइल नम्बर प्रविष्ट गर्नुहोस्,correct,registration page,,
referrer_code,Referrer code (optional),रेफरर कोड (वैकल्पिक),correct,,,
i_accept_the_terms_and_conditions,I accept the terms & conditions and privacy policy,"म नियम, सर्त र गोपनीयता नीति स्वीकार गर्छु","Found म स्वीकार गर्छु, नियम र सर्त र गोपनीयता नीति ",,,
i_already_have_an_account_login,I already have an account? Login,मसँग पहिले नै खाता छ? लग - इन गर्नुहोस्,Found मसँग पहिले नै खाता छ? लग - इन गर्नु,,,
incorrect_mobile_number,Incorrect mobile number,गलत मोबाइल नम्बर,Found invalid number,,,
personal_details,Personal Details,व्यक्तिगत विवरण,correct,,,
fill_your_personal_details,Fill your personal details,तपाईंको व्यक्तिगत विवरणहरू भर्नुहोस्,correct,,,
first_name,First name,पहिलो नाम,correct,,,
middle_name,Middle name(optional),मध्य नाम (वैकल्पिक),correct,,,
last_name,Last name,थर,correct,,,
date_of_birth,Date of birth,जन्म मिति,correct,,,
gender,Gender,लिङ्ग,still in english,,,
select_your_gender,Select your gender,आफ्नो लिङ्ग चयन गर्नुहोस्,still in english,,,
male,Male,पुरुष,still in english,,,
female,Female,स्त्री,still in english,,,
others,Others,अन्य,still in english,,,
address_details,Address Details,ठेगाना विवरण,correct,,,
fill_your_address_details,Fill your address details,तपाईंको ठेगाना विवरणहरू भर्नुहोस्,correct,,,
province,Province,प्रदेश,still in english,,,
district,District,जिल्ला,still in english,,,
municipality,Municipality,नगरपालिका,still in english,,,
ward_no,Ward no.,वडा नं.,correct,,,
current_address,Current Address(optional),हालको ठेगाना (वैकल्पिक),correct,,,
set_your_password,Set your password,तपाईंको पासवर्ड सेट गर्नुहोस्,,,,
wow_you_have_created_your_namaste_pay_account,wow! you have successfully created your Namaste pay account,वाह! तपाईंले सफलतापूर्वक आफ्नो नमस्ते पे खाता सिर्जना गर्नुभयो,,,,
lets_start_your_journey,Let's start your journey,तपाईंको यात्रा सुरु गरौं,,,,
wallet_balance,Wallet balance,वालेट ब्यालेन्स,correct (request money),,,
quick_access,Quick access,चाँडै पहुँच,correct,,,
available_services,Available services,उपलब्ध सेवाहरू,correct,,,
ticketing_and_events_services,Ticketing and events services,टिकट र समारोह सेवाहरू,,,,
set_up_your_PIN,Set up your PIN,आफ्नो पिन सेट अप गर्नुहोस्,,,,
set_up,Set up,स्थापित गर्नु,,,,
service_search,Service search,सेवाको खोजी,incorrectly translated,,,
bank_search,Bank search,बैंक खोज,correct,,,
select_bank,Select bank,बैंक चयन गर्नुहोस्,correct,,,
savingAccount,Saving account,बचत खाता,,,,
kycUnverified,KYC unverified,KYC अप्रमाणित,correct,,,
lastLogin,Last login,अन्तिम लगइन/ पछिल्लो लगइन,correct,,,
yourKYCIsPending,Your KYC is pending,तपाईंको KYC विचाराधीन छ,correct,,,
upgradeYourAccount,Upgrade your account to unlock additional benefits,अतिरिक्त लाभहरू अनलक गर्न आफ्नो खाता अपग्रेड गर्नुहोस्,correct,,,
addNominee,Add nominee,Nomineee थप्नुहोस्,,,,
generalSettings,General settings,सामान्य सेटिङहरू,correct,,,
chooseLanguageTheme,"Choose language,theme and notification setting","भाषा, विषयवस्तु र सूचना सेटिंग छनौट गर्नुहोस्",not available,,,
securitySettings,Security settings,सुरक्षा सेटिङहरू,correct,,,
changePinAndFingerprint,Change PIN and fingerprint authentication,पिन र फिंगरप्रिन्ट प्रमाणीकरण परिवर्तन गर्नुहोस्,Found (PIN र फिंगरप्रिन्ट प्रमाणीकरण परिवर्तन गर्नुहोस्),,,
deviceAndCredentials,Device and credentials,उपकरण र प्रमाणहरू,conflict with 212 point ,,,
manageYourDeviceCredentials,Manage your device credentials,तपाईंको उपकरण प्रमाणहरू व्यवस्थापन गर्नुहोस्,conflict with 216 point,,,
kycVerified,KYC verified,KYC प्रमाणित,correct,,,
addThirdPerson,Add a third person of your account in case of unexpected events,अप्रत्याशित घटनाहरूको मामलामा तपाईंको खाताको तेस्रो व्यक्ति थप्नुहोस्,,,,
viewNominee,View nominee,मनोनित व्यक्ति हेर्नुहोस्,,,,
viewYourNominee,View your nominee details,मनोनित व्यक्तिको बिस्तृत विवरण हेर्नुहोस,,,,
kycDocument,KYC document,KYC कागजात,correct,,,
enterValidDetails,Enter valid details and upload valid documents to verify KYC details,वैध विवरणहरू प्रविष्ट गर्नुहोस् र KYC विवरणहरू प्रमाणित गर्न वैध कागजातहरू अपलोड गर्नुहोस्,correct,,,
selectDocumentType,Select document type,कागजात प्रकार चयन गर्नुहोस्,still in english,,,
documentType,Document type,कागजात प्रकार,still in english,,,
drivingLicense,Driving license,सवारीचालक अनुमतिपत्र,still in english,,,
idNumber,ID number,आईडी नम्बर,still in english,,,
uploadDocument,Upload document,कागजात अपलोड गर्नुहोस्,correct,,,
supportsPng,"Support png, jpeg, pdf (max size 2mb)","समर्थन PNG, JPEF, PDF (अधिकतम आकार 2MB)",correct,,,
frontSide,Front side,अगाडिको भाग,correct,,,
backSide,Back side,पछाडिको भाग,correct,,,
kycNotVerifiedYet,KYC not verified yet,KYC अझै प्रमाणित भएको छैन,still in english,,,
fillTheKycDetails,Fill the KYC details to be the verified customer,प्रमाणित ग्राहक हुन KYC विवरणहरू भर्नुहोस्,correct (during registration) but incorrect in profile > kyc details page,,,
viewBenefits,View benefits,लाभहरू हेर्नुहोस्,correct ,,,
relationshipDetails,Relationship details,सम्बन्ध विवरण,,,,
mothersName,Mother's name,आमाको नाम,,,,
fathersName,Father's name,बुवाको नाम,,,,
grandfathersName,Grandfather's name,हजुरबुवाको नाम,,,,
passport,Passport,राहधानी,still in english,,,
nationalId,National ID,राष्ट्रिय परिचयपत्र,still in english,,,
panCard,PAN card,प्यान कार्ड,still in english,,,
citizenship,Citizenship,नागरिकता,still in english,,,
governmentId,Government ID,सरकारी परिचयपत्र,still in english,,,
voterCard,Voter Card,मतदाता कार्ड,still in english,,,
issueDate,Issue Date,जारी मिति,,,,
choosePhoto,Choose photo,फोटो छनौट गर्नुहोस्,,,,
gallery,Gallery,ग्यालेरी,still in english,,,
kycVerification,KYC verification in-progress,KYC प्रमाणीकरण प्रक्रियामा छ,still in english,,,
weAreCurrentlyVerifying,"We are currently verifying your details, we will reach out to you within 12 hours","हामी हाल तपाईंको विवरणहरू प्रमाणीकरण गर्दैछौं, हामी १२ घण्टा भित्र तपाईंसँग सम्पर्क गर्नेछौं",still in english,,,
kycVerificationDeclined,KYC verification declined,KYC प्रमाणीकरण अस्वीकृत भयो,,,,
pleaseMakeSureThat,please make sure that all the details are filled out as per requirements,कृपया सबै विवरणहरू आवश्यकता अनुसार भरिएको छ छैन सुनिश्चित गर्नुहोस्,,,,
kycDetails,KYC Details,KYC विवरण,particially correct,kyc verification in progress page,,
fullName,Full name,पुरा नाम,correct,,,
email,Email ID,इमेल आईडी,correct,,,
address,Address,ठेगाना,correct,,,
documentDetails,Document details,कागजात विवरण,correct,,,
profilePicture,Profile Picture,प्रोफाइल तस्वीर,,,,
drivingLicenseIdNumber,Driving license ID number,सवारीचालक अनुमतिपत्र आईडी नम्बर,,,,
fillTheInformation,Fill the information to add nominee,मनोनित थप्न जानकारी भर्नुहोस्,,,,
verifyMobileNumber,Verify mobile number & save,मोबाइल नम्बर प्रमाणित गरि सुरक्षित राख्नुहोस्,,,,
nomineeVerification,Nominee verification,मनोनित प्रमाणिकरण,,,,
weHaveSentAnOtp,we have sent an OTP code to your mobile number,हामीले तपाईंको मोबाइल नम्बरमा OTP कोड पठाएका छौं,,,,
theNomineeDetailsHasSaved,The nominee details has been successfully saved,मनोनीत विवरण सफलतापूर्वक बचत गरिएको छ,,,,
ok,Ok,ठिक छ,Partcially correct,Incorrect in Profile > payment method > alert box,,
edit,Edit,सम्पादन गर्नुहोस्,,,,
language,Language,भाषा,correct,,,
theme,Theme,थीम,correct,,,
chooseEnglishOrNepaliLanguage,Choose english or nepali language,अंग्रेजी वा नेपाली भाषा छनौट गर्नुहोस्,correct,,,
layout,Layout,ढाँचा,,,,
chooseCarauselOrGrid,Choose carousel or grid,carouse वा grid छनौट गर्नुहोस्,,,,
manageNotifications,Manage notifications based on your preference,तपाईंको प्राथमिकतामा आधारित सूचनाहरू प्रबन्ध गर्नुहोस्,correct,,,
selectLanguage,Select Language,भाषा छनोट गर्नुहोस्,correct,,,
selectTheme,Select Theme,थीम चयन गर्नुहोस्,correct,,,
systemDefault,System default,पुर्वनिर्धारित सिस्टम्,coflicts with 208,,,
selectLayout,Select Layout,लेआउट चयन गर्नुहोस्,,,,
carousel,Carousel,क्यारोसेल,,,,
grid,Grid,ग्रिड,,,,
changePin,Change PIN,PIN परिवर्तन गर्नुहोस्,correct,,,
pleaseChangeYourTransactionPIN,Please change your transaction PIN,कृपया आफ्नो लेनदेन PIN परिवर्तन गर्नुहोस्,,,,
fingerprintAuthentication,Fingerprint Authentication,फिंगरप्रिन्ट प्रमाणीकरण,correct,,,
currentlyOff,Currently OFF,हाल बन्द छ,found हाल बन्द only,,,
faceUnlock,Face unlock,मुहार आकृतिले खोल्न,,,,
changePassword,Change password,पासवर्ड परिवर्तन गर्नुहोस्,correct,,,
usedForLoginOnly,Used for login only,लगइनको लागि मात्र प्रयोग,correct,,,
usedForPaymentVerification,Used for payment verification,भुक्तानी प्रमाणिकरणको लागि प्रयोग,,,,
usedForBoth,Used for both login and payment verification,लगइन र भुक्तानी प्रमाणिकरण दुवैको लागि प्रयोग,,,,
usedForLogin,Used for Login,लगइनको लागि प्रयोग,correct,,,
enterYourPin,Enter your current 4 digit PIN,तपाईंको हालको ४ अंकको PIN प्रविष्ट गर्नुहोस्,correct,,,
onceYouChangedYourPin,Once you changed your PIN you will be logged out from all your logged in devices,एकचोटि तपाईंले आफ्नो PIN परिवर्तन गरेपछि तपाईं आफ्नो लगइन भएका सबै यन्त्रहरूबाट लगआउट हुनुहुनेछ,still in english,,,
confirmYourPin,Confirm your PIN,तपाईंको PIN पुष्टि गर्नुहोस्,correct,,,
confirmYourNewPin,Confirm your new PIN,तपाईंको नयाँ पिन पुष्टि गर्नुहोस्,correct,,,
successfullyPinChange,Successfully PIN change,PIN सफलतापूर्वक परिवर्तन भयो,Found pin changed successfully ,,,
conversations,Conversations,कुराकानीहरू,,,,
other,Other,अन्य,,,,
systemDefaultChannel,System default channel,प्रणाली पूर्वनिर्धारित च्यानल,,,,
miscellaneous,Miscellaneous,विविघ,,,,
advanced,Advanced,उन्नत,,,,
allowNotificationDot,Allow notification dot,सूचना अनुमति दिनुहोस्,,,,
forgotPin,Forgot PIN?,पिन बिर्सनुभयो ?,correct,,,
profile,Profile,प्रोफाइल,,,,
myQrCode,My QR Code,मेरो क्यूआर कोड,correct,,,
linkMyBankAc,Link My Bank Account,आफ्नो बैंक खाता लिङ्क गर्नुहोस्,correct,,,
askYourFriendsToScan,Ask your friends to scan the QR and receive money to your wallet,तपाइँका साथीहरूलाई क्यूआर स्क्यान गर्न र तपाइँको वालेटमा पैसा प्राप्त गर्न अनुरोध गर्नुहोस्,correct,,,
share,Share,शेयर,correct,,,
generateDynamicQr,Generate Dynamic QR,Dynamic QR तयार गर्नुहोस्,correct,,,
scanAndPay,Scan/Pay,स्क्यान/भुक्तानी,,,,
paymentMethod,Payment Method,भुक्तानी विधि,correct,,,
saveAllYourPayment,Save all your payment method for faster processing,छिटो प्रशोधनको लागि आफ्नो सबै भुक्तानी विधि सुरक्षित गर्नुहोस्,correct,,,
fillTheInformationToLinkBankAc,Fill the information to link bank account,बैंक खाता लिङ्क गर्न जानकारी भर्नुहोस्,correct,,,
yourDetailsMustMatch,Your details must match with bank records,तपाईंको विवरणहरू बैंक रेकर्डसँग मेल खानुपर्छ,correct,,,
accountName,Account Name,खाताको नाम,correct,,,
accountNumber,Account Number,खाता नम्बर,correct,,,
noBankAcToshow,No bank account to show,देखाउनको लागि कुनै बैंक खाता छैन,,,,
saveYourPaymentMethods,Save your payment methods,छिटो प्रशोधनको लागि आफ्नो सबै भुक्तानी विधि सुरक्षित गर्नुहोस्,,,,
linkBankAc,Link Bank Account,बैंक खाता लिङ्क गर्नुहोस्,,,,
paymentMethods,Payment Methods,भुक्तानी विधिहरू,,,,
noDataToShow,No data to show,देखाउन को लागी कुनै डाटा छैन,,,,
checkYourPendingTransactions,Check your Pending Transactions,आफ्नो अपुर्ण कारोबार जाँच गर्नुहोस्,,,,
filter,Filter,फिल्टर,,,,
pendingTransaction,Pending Transaction,अपुर्ण कारोबार,,,,
manageYourAc,"Manage your account, settings and device credentials","आफ्नो खाता, सेटिङहरू र उपकरण प्रमाणहरू व्यवस्थापन गर्नुहोस्",,,,
viewYourKYC,View your KYC information,आफ्नो KYC जानकारी हेर्नुहोस्,,,,
chooseTheme,Choose theme and notification settings,थीम तथा सूचना सेटिङहरू छान्नुहोस्,correct,,,
theme,Theme,थीम,correct,,,
chooseDifferentTheme,Choose different theme Dark or Light,उज्यालो वा अँध्यारो फरक थीम छान्नुहोस,correct,,,
notifications,Notifications,सूचनाहरू,correct,,,
manageNotifications,Manage notifications based on your preferences,तपाईंको प्राथमिकताहरूमा आधारित सूचनाहरू व्यवस्थापन गर्नुहोस्,correct,,,
light,Light,उज्यालो,correct,,,
dark,Dark,अँध्यारो,correct,,,
systemDefault,System Default,प्रणाली पूर्वनिर्धारित,correct,,,
systemSettings,Security Settings,सुरक्षा सेटिङहरू,correct,,,
changePinAndFingerprint,Change PIN and fingerprint authentication,PIN र फिंगरप्रिन्ट प्रमाणीकरण परिवर्तन गर्नुहोस्,correct,,,
currentlyOff,Currently off,हाल बन्द,correct,,,
lastLogin,Last Login,पछिल्लो लगइन,correct,,,
deleteMyAc,Delete my account,मेरो खाता रद्द गर्नुहोस्,correct,,,
manageYourDeviceCredentials,Manage your device credentials,आफ्नो यन्त्र प्रमाणहरू व्यवस्थापन गर्नुहोस्,correct,,,
selectTheme,Select theme,थीम चयन गर्नुहोस्,correct,,,
generalSettings,General settings,सामान्य सेटिङहरू,correct,,,
accountAndSettings,Account and Settings,खाता र सेटिङहरू,correct,,,
referAndEarn,Refer and Earn,रिफर गर्नुहोस् र कमाउनुहोस्,correct,,,
referYourFriendAndEarn,Refer your friend and earn rewards,आफ्नो साथीलाई रिफर गर्नुहोस र पुरस्कार जित्नुहोस्,correct,,,
yourReferralID,Your referral ID,तपाईंको रेफरल आईडी,correct,,,
shareAndInvite,Share and Invite,शेयर तथा निमन्त्रणा,correct,,,
cashbackAndOffers,Cashback and Offers,क्यासब्याक तथा अफरहरु/ प्रस्तावहरू,correct,,,
viewCashbackAndOffers,View cashback and offers,क्यासब्याक र प्रस्तावहरू/अफरहरु हेर्नुहोस्,correct,,,
helpAndSupport,Help and Support,मद्दत तथा सहयोग,correct,,,
logout,Logout,लगआउट,correct,,,
version,Version,संस्करण,correct,,,
viewKYCDetails,View KYC Details,KYC विवरणहरू हेर्नुहोस्,,,,
linkAnotherBankAc,Link Another Bank Account,अर्को बैंक खाता लिङ्क गर्नुहोस्,,,,
removeAc,Remove account,खाता हटाउनुहोस्,,,,
searchBank,Search Bank,बैंक छान्नुहोस्,correct,,,
account,Account,खाता,still in english,,,
devicesThatLoggedInYourNamasteAc,Devices that logged in your Namaste account,तपाईंको नमस्ते खातामा लग इन भएका यन्त्रहरू,correct,,,
namastePayAcCredentials,Namaste Pay account credential,नमस्ते पे खाता प्रमाण पत्र,correct,,,
aboutUs,About Us,हाम्रोबारे,correct,,,
faq,FAQ’s,बारम्बार सोधिने प्रश्नहरू,correct,,,
support,Support,समर्थन,correct,,,
feedback,Feedback,प्रतिक्रिया,correct,,,
tandC,T&C,नियम र सर्त,correct,,,
quickTips,Quick Tips,द्रुत सुझावहरू,correct,,,
searchList,Search List,खोज सूची,correct,,,
customize,Customize,कस्टमाईज गर्नुहोस्,correct,,,
customizeYourQuickAccess,Customize your Quick Access,क्विक ऐक्सेसलाई कस्टमाईज गर्नुहोस्,correct,,,
reset,Reset,रिसेट गर्नुहोस्,correct,,,
recommendedServices,Recommended Services,सिफारिस गरिएका सेवाहरू,correct,,,
popularServices,Popular Services,लोकप्रिय सेवाहरू,correct,,,
attention,Attention,सतर्क,,,,
doYouWantToLogout,Do you want to logout?,के तपाई लगआउट गर्न चाहनुहुन्छ?,correct,,,
cancel,Cancel,रद्द गर्नुहोस्,correct (incorrect while booking ticket with unverified account in alert dialog box),,,
marketPlace,Market Place,हाटबजार,correct,,,
loyalty,Loyalty,वफादारी,correct,,,
enterPromoCode,Enter Promo Code,प्रोमो कोड प्रविष्ट गर्नुहोस्,correct,,,
statement,Statement,खाता विवरण,correct,,,
home,Home,गृहपृष्ट,correct,,,
merchants,Merchants,व्यापारीहरू,correct,,,
confirm,Confirm,पुष्टि गर्नुहोस्,correct,,,
services,Services,सेवाहरू,,,,
myOrders,My Orders,मेरो खरिद,correct,,,
linkBankAccountAndLoad,Link Bank account & Load,बैंक खाता लिङ्क र लोड गर्नुहोस्,correct,,,
choosePaymentMethod,Choose Payment Method,भुक्तानी विधि छनौट गर्नुहोस्,correct,,,
pin,PIN,पिन,,,,
amount,Amount,रकम,correct (generate qr),,,
generate,Generate,उत्पन्न गर्नुहोस्,,,,
scanQrCodeToSend,"Scan QR Code to send,pay","पठाउन, भुक्तान गर्न QR कोड स्क्यान गर्नुहोस्",correct,,,
linkBankAcForFast,Link bank accounts for fastest payment processing,छिटो भुक्तानी प्रक्रियाको लागि बैंक खाताहरू लिङ्क गर्नुहोस्,correct,,,
documentNumber,Document Number,कागजात नम्बर,,,,
linkedBankAc,Linked Bank Account,लिङ्क गरिएको बैंक खाता,,,,
remove,Remove,हटाउनुहोस्,,,,
removeBankAc,Remove Bank Account,बैंक खाता हटाउनुहोस्,,,,
forgotPin,Forgot PIN,पिन बिर्सनुभयो,correct,,,
accountDeletion,Account Deletion,खाता मेटाउने,correct,,,
oldPassword,Old Password,पुरानो पासवर्ड,correct,,,
knowAboutUs,"Know about us, FAQ’s, 24x7 support and provide feedback","हाम्रो बारेमा जान्नुहोस्, FAQ को, 24x7 समर्थन र प्रतिक्रिया प्रदान गर्नुहोस्",correct,,,
permanentlyDeleteMyAccount,Permanently delete my account,मेरो खाता स्थायी रूपमा मेटाउनुहोस्,still in english,,,
requestAccountDelete,Request Account Delete,खाता मेटाउन अनुरोध गर्नुहोस्,correct,,,
accountDeletionRequest,Account deletion request,खाता मेटाउन अनुरोध,correct,,,
usePassword,Use Password,पासवर्ड प्रयोग गर्नुहोस्,,,,
pleaseSetUpYourFaceId,Please set up your Face ID.,कृपया आफ्नो फेस आईडी सेटअप गर्नुहोस्।,,,,
pleaseReEnableYour,Please re-enable your Face ID.,कृपया आफ्नो फेस आईडी पुन: सक्षम गर्नुहोस्।,,,,
confirmToAuthenticate,Confirm to authenticate,प्रमाणीकरण गर्न पुष्टि गर्नुहोस्,,,,
pleaseSetUpYourBiometrics,Please set up your Biometrics.,कृपया आफ्नो बायोमेट्रिक्स सेटअप गर्नुहोस्।,,,,
settings,Settings,सेटिङहरू,,,,
viewAll,View All,सबै हेर्नुहोस्,correct,,,
termsAndConditions,Terms & Conditions,नियम र सर्त,correct,,,
privacyPolicy,Privacy Policy,गोपनीयता नीति,correct,,,
and,&,र,correct,,,
iAcceptThe,I accept the,"म स्वीकार गर्छु,",correct,,,
enterAmount,Enter Amount,रकम प्रविष्ट गर्नुहोस्,correct,,,
createAndSendDynamicQR,Create and Send Dynamic QR,डायनामिक QR सिर्जना गर्नुहोस् र पठाउनुहोस्,correct,,,
requestingAmount,Requesting Amount,रकम अनुरोध गर्दै,still in english ,request money confirmation bottom sheet,,
requestMoney,Request Money,पैसा अनुरोध गर्नुहोस्,correct,,,
enterDetails,Enter Details,विवरणहरू प्रविष्ट गर्नुहोस्,,,,
additionalServiceChargeWillBe,Additional service charge will be applicable and minimum transaction amount is Rs 100. (Bank Transfer),थप सेवा शुल्क लागु हुनेछ र न्यूनतम कारोबार रकम १०० रुपैयाँ हो।,,,,
selectCounter,Select Counter,काउन्टर चयन गर्नुहोस्,correct,,,
scNumber,SC Number,SC नम्बर,correct,,,
consumerId,Consumer ID,उपभोक्ता आईडी,correct,,,
splitYourBillAndPay,Split your bill and pay separate,आफ्नो बिल विभाजित गर्नुहोस् र छुट्टै तिर्नुहोस्,correct,,,
addMembersByMobileNumber,Add member by mobile number or from contact,मोबाइल नम्बर वा सम्पर्कबाट सदस्य थप्नुहोस्,correct,,,
splitEqually,split equally,समान रूपमा विभाजित,correct,,,
balanceAmount,Balance Amount,मौज्दात रकम,correct,,,
oneWay,One Way,एकतर्फी बाटो,,,,
roundTrip,Round Trip,राउन्ड ट्रिप,,,,
readTermsAndConditions,Read Terms and Conditions,नियम र सर्तहरू पढ्नुहोस्,,,,
getCashFromAgents,Get cash from agents,एजेन्टहरूबाट नगद प्राप्त गर्नुहोस्,,,,
remarks,Remarks,टिप्पणीहरू,Partially correct in some pages,incorrect in confirm money request bottom sheet ,,
selectPartner,Select Partner,साझेदार चयन गर्नुहोस्,,,,
controlNumber,Control Number,नियन्त्रण नम्बर,,,,
allBanks,All Banks,सबै बैंकहरू,,,,
changeBankAccountAndLoad,Change Bank Account & Load,बैंक खाता लोड गर्नुहोस् र परिवर्तन गर्नुहोस्,,,,
recent,Recent,हाल,,,,
cashOut,Cash Out,नगद बाहिर,,,,
additionalAmount,Additional amount,अतिरिक्त रकम,,,,
search,Search,खोजी गर्नुहोस् ,correct,registration proccess,,
mobileRecharge,Mobile Recharge ,मोबाइल रिचार्ज,,,,
dataPack,Data Pack,डाटा प्याक,,,,
loadWallet,Load Wallet ,लोड वालेट,,,,
sendMoney,Send Money,पैसा पठाउनुहोस्,,,,
bankTransfer,Bank Transfer,बैंक ट्रान्सफर,,,,
electricity,Electricity,बिजुली,,,,
landline,Landline,ल्यान्डलाइन,,,,
internet,Internet,इन्टरनेट,,,,
splitBill,Split Bill,स्प्लिट बिल ,,,,
tv,TV,टिभी,,,,
flightTickets,Flight Tickets,फ्लाइट टिकट,,,,
cableCar,Cable Car,केबल कार,,,,
remittance,Remittance,रेमिट्यान्स,,,,
governmentServices,Govt. Services,सरकारी सेवाहरू,,,,
rs,Rs.,रु.,,,,
operator,Operator,अपरेटर,,,,
pay,Pay,तिर्नुहोस्,,,,
noDataAvailable,No data available,कुनै डाटा उपलब्ध छैन,,,,
proceedToPay,Proceed to pay,भुक्तानी गर्न अगाडि बढ्नुहोस्,still in english ,tv bill payment page,,
minimumTransactionAmountIsNPR,Minimum Transaction Amount is NPR 100,न्यूनतम कारोबार रकम  रु १०० हो,,,,
chooseRemarks,Choose Remarks,टिप्पणी छान्नुहोस्,,,,
eBanking,e-banking,ई-बैंकिङ,,,,
mobileBanking,Mobile Banking,मोबाइल बैंकिङ,,,,
connectIps,Connect Ips,कनेक्ट Ips,,,,
card,Card,कार्ड,,,,
choosePaymentMethod,Choose Payment Method,भुक्तानी विधि छनौट गर्नुहोस्,,,,
linkedBAnkAccount,Linked BAnk Account,लिङ्क गरिएको बैंक खाता,,,,
linkBankAccountAndLoad,Link bank account and load,बैंक खाता लिङ्क गर्नुहोस् र लोड गर्नुहोस्,,,,
sendMoneyToYourContact,Send Money to your Contact,आफ्नो सम्पर्कमा पैसा पठाउनुहोस्,,,,
addToFavourite,Add to favourite,मनपर्नेमा थप्नुहोस्,correct,,,
requestMoneyFromYourContactOrAnyNamastepayID,Request money from your contact or any Namastepay ID,तपाईंको सम्पर्क वा कुनै पनि Namastepay ID बाट पैसा अनुरोध गर्नुहोस्,correct,,,
addToFavourite,Add to favourite,मनपर्नेमा थप्नुहोस्,correct,,,
createAndSendDynamicQR,Create and Send Dynamic QR,डायनामिक QR सिर्जना गर्नुहोस् र पठाउनुहोस्,correct,,,
request,Request,अनुरोध गर्नुहोस्,correct,,,
bankTransfer,Bank Transfer,बैंक स्थानान्तरण,,,,
ownAccount,Own Account,आफ्नै खाता,,,,
availableTransferBalance,Available Transfer Balance,उपलब्ध स्थानान्तरण ब्यालेन्स,,,,
noBankAccountLinked,No bank account linked,कुनै बैंक खाता लिङ्क गरिएको छैन,,,,
proceed,Proceed,अगाडि बढ्नुहोस्,,,,
electricity,Electricity,बिजुली,,,,
selectBiller,Select Biller,बिलर चयन गर्नुहोस्,,,,
nepalElectricityAuthority,Nepal Electricity Authority,नेपाल विद्युत प्राधिकरण,,,,
scNumber,SC Number,SC नम्बर,,,,
consumerID,Consumer ID,उपभोक्ता आईडी,,,,
next,Next,अर्को,,,,
landlineNumber,Landline Number,ल्यान्डलाइन नम्बर,,,,
proceedToPay,Proceed to pay,भुक्तानी गर्न अगाडि बढ्नुहोस्,,,,
selectISP,Select ISP,ISP चयन गर्नुहोस्,,,,
searchISP,Search ISP,ISP खोज्नुहोस्,,,,
allISP,All ISP's,सबै ISP,,,,
ntFTTH,NT FTTH,NT FTTH,,,,
selectBiller,Select Biller,बिलर चयन गर्नुहोस्,,,,
khanepani,Khanepani,खानेपानी,,,,
selectCounter,Select Counter,काउन्टर चयन गर्नुहोस्,,,,
customerID,Customer ID,ग्राहक आईडी,,,,
next,Next,अर्को,,,,
water,Water,पानी,,,,
splitTo,Split to ,विभाजन गर्नुहोस्,,,,
splitYourBillAndPaySeparate,Split your bill and Pay separate,आफ्नो बिल विभाजन गर्नुहोस् र अलग भुक्तानी गर्नुहोस्,,,,
add,Add,थप्नुहोस्,,,,
addMemberByMobileNumberOrFromContact,Add member by mobile number or from contact,मोबाइल नम्बर वा सम्पर्कबाट सदस्य थप्नुहोस्,,,,
yourself,Yourself,आफैलाई,,,,
splitBill,Split Bill,बिल विभाजन,,,,
searchBiller,Search Biller,बिलर खोज्नुहोस्,,,,
allBiller,All Biller,सबै बिलर,,,,
changeBank,Change Bank,बैंक खाता परिवर्तन गर्नुहोस्,,,,
selectPaymentMethod,Select Payment Method,भुक्तानी विधि छनौट गर्नुहोस्,,,,
totalAmount,Total Amount,कुल रकम,,,,
promoCode,Promo Code,प्रोमो कोड,,,,
changePromoCode,Change PromoCode,प्रोमो कोड परिवर्तन गर्नुहोस्,,,,
selectContact,Select Contact,सम्पर्क छनौट गर्नुहोस्,,,,
searchContact,Search Contact,सम्पर्क खोज्नुहोस्,,,,
sastoTicket,Sasto Ticket,Sasto Ticket,,,,
loadMoneyToYourWallet,Load money to your wallet,आफ्नो वालेटमा पैसा लोड गर्नुहोस्,,,,
favourites,Favourites,मनपर्नेहरू,,,,
loadAmount,Load Amount,रकम लोड गर्नुहोस्,,,,
loadMoneyConfirm,Load Money Confirm,लोड पैसा पुष्टि गर्नुहोस्,,,,
payFrom,Pay From,भुक्तानी गर्नुहोस्,,,,
apply,Apply,निवेदन गर्नुहोस्,,,,
selectCableCar,Select Cable Car,केबल कार चयन गर्नुहोस्,,,,
recentTransactions,Recent Transactions,हालको लेनदेन,,,,
pleaseSelectBillerFirst,Please Select Biller First,बिलर चयन गर्नुहोस्,,,,
otherAccount,Other Account,अर्को खाता,,,,
enterBankDetails,Enter Bank Details,बैंक विवरणहरू प्रविष्ट गर्नुहोस्,,,,
select,Select,चयन गर्नुहोस्,,,,
name,Name,नाम,,,,
mobile,Mobile,मोबाइल,,,,
chooseDataPack,Choose Data Pack,डाटा प्याक छान्नुहोस्,,,,
dynamicQR,Dynamic QR,Dynamic QR,,,,
voucherNo,Voucher No,भाउचर नम्बर,,,,
updateYourKYC,Update your KYC,आफ्नो KYC अपडेट गर्नुहोस्,,,,
kindlyUploadYourDocuments,Kindly upload your documents to complete your KYC.,कृपया आफ्नो KYC पूरा गर्नका लागि कागजातहरू अपलोड गर्नुहोस्।,,,,
rejectReason,Reject Reason,अस्वीकार को कारण ,,,,
takeATour,Take a tour,भ्रमण गर्नुहोस्,,,,
hiUserNameWelcome,"Hi {userName}, welcome to",(userName) तपाईंलाई स्वागत छ ।,,,,
loyaltyTierInfo,Loyalty Tier Info,वफादारी टियर जानकारी/ वफादारी स्तर जानकारी,,,,
checkYourCurrentLoyalty,Check your current Loyalty tier information here. The color changes automatically according to your tier.,यहाँ आफ्नो हालको लोयल्टी स्तर जानकारी जाँच गर्नुहोस्। रंग तपाईंको स्तर अनुसार स्वचालित रूपमा परिवर्तन हुन्छ।,,,,
devices,Devices,उपकरणहरू,,,,
credentials,Credentials,प्रमाणहरू,,,,
pleaseUpdateYourKYC,Please update your KYC.,कृपया आफ्नो KYC अपडेट गर्नुहोस्।,,,,